senator carl krueger thinks ipods can kill you,fear
who is prince frederic von anhalt,surprise
prestige has magic touch,joy
study female seals picky about mates,surprise
no e book for harry potter vii,anger
blair apologises over friendly fire inquest,anger
vegetables may boost brain power in older adults,surprise
afghan forces retake town that was overrun by taliban,fear
skip the showers male sweat turns women on study says,surprise
made in china irks some burberry shoppers,sad
britain to restrict immigrants from new eu members,surprise
canadian breakthrough offers hope on autism,surprise
russia to strengthen its military muscle,sad
alzheimer s drugs offer no help study finds,sad
uk police slammed over terror raid,fear
no rejects police state claim,fear
oprah announces new book club pick,surprise
smith can t be buried until hearing,anger
african nation hopes whoopi can help,surprise
tourism lags in bush s hometown,joy
air france klm profit rises,joy
au regrets sudan s expulsion of un envoy,surprise
taiwan s mr clean indicted steps down,surprise
martian life could have evaded detection by viking landers,surprise
turner pays for boston bombing,surprise
serena misses bangalore tournament,surprise
attorneys point fingers in fight between ryan o neal and son,joy
pledge i was abused in frat hazing,sad
whistle blowing web site exposed,disgust
growing unarmed battalion in qaeda army is using internet to get the message out,sad
royal rescues presidential hopes with commanding performance,joy
minister slams airlines on carbon,surprise
audio slide show a love story lasting years,surprise
fully cooked chicken strips recalled,fear
madonna adoption bid approved,joy
rowdy fans ejected from the open,surprise
snow wreaks havoc in east midwest,surprise
the energy challenge exotic visions how to cool a planet maybe,surprise
libby defense upsets judge rests,surprise
briton admits u s bomb plot role,fear
routine mission turns into hunt for missing comrade,surprise
ex suspect slams anti terror laws,fear
federer overcomes a ragged start,joy
investigation of child porn site hits nations,disgust
bangladesh ends curfew amid unrest,surprise
sarkozy comfort zone offers a royal opportunity,surprise
sick hearts switch on a fetal gene,surprise
chinese president arrives in mozambique african tour nearly over,joy
homemade bombs kill on indian train,surprise
france rejects rwandan investigators,fear
at libby trial russert of nbc gives and gets,anger
rare optimism as north korea talks reach crossroads,joy
for women nothing s like the smell of men s sweat,surprise
reports harvard set to name first female president,joy
justin timberlake cameron diaz announce split,surprise
hastert sorry for scandal but not quitting,surprise
world s oldest newspaper now exists only online,sad
houston she s got some problems,joy
firms on alert for letter bombs,surprise
study africa s internet gap getting wider,anger
siesta cuts risk of heart disease death study finds,joy
spain ahead although nadal is out,surprise
runway making good without making nice,joy
russia plans new icbms nuclear subs,fear
no buyer in sight for napster,anger
outcry at n korea nuclear test,joy
ipod good for video games,joy
taking the plunge,surprise
england include giles in wc squad,sad
beyonce copyright claim rejected,surprise
london market a shopping dining haven,surprise
pm havana deal a good experiment,surprise
dozens killed in baghdad bombing,sad
damaged japanese whaling ship may resume hunting off antarctica,surprise
un nuclear watchdog slashes iran aid,fear
toyota s scion parks in second life,sad
telecoms giant slashes jobs,surprise
canete wins inaugural joburg open,joy
yahoo s mission quest,surprise
weekly nielsen will lost find its way back,fear
u s online love brokers eye china,fear
amish schoolhouse torn down,sad
china cheney shores up the trilateral alliance,surprise
g yen skates by yuan singled out,surprise
friendly fire pilot experienced,fear
updates on world s top stories,fear
diplomat acknowledges us arrogance in iraq,fear
madonna s new baby s daddy didn t realize adoption was for good,surprise
appeal by chinese researcher for times may soon be heard,surprise
snowbirds shortening their florida stays,sad
oxfam action needed for chad,surprise
bush adamant on troops to iraq,disgust
ukraine gas deal marred by fears,surprise
shoplifters choice police or t shirt of shame,surprise
travel chaos as heavy snow hits uk,fear
tow truck drivers accused of stealing cars,sad
joseph wambaugh s new start,joy
human error caused helios crash,sad
charts is your city lean or lethargic,surprise
st louis poised for entertainment upswing,surprise
ivrea journal in italian town a civics lesson from pelting neighbors,surprise
review virtual american idol hits right notes,joy
squadron apologies over friendly fire death,anger
the breast cancer breakthrough saving women a year,joy
abbas rejects temporary state,fear
iraqi forces detain official suspected in shia conspiracy,fear
congressman rebukes u s allies for lack of support in afghanistan,surprise
easy ways to really save,surprise
real suffer carlos injury setback,surprise
marijuana may stave off alzheimer s,surprise
smokestacks in a white wilderness divide iceland,surprise
paris journal smoking no longer tres chic in france,anger
cher s dress car bed have new owners,surprise
hungarian opposition calls for vote after violence escalates,surprise
freed kidnap suspect my terror at police raid,fear
rockers big winners at brit awards,fear
cia leak trial summary,anger
experts issue new heart disease guidelines for women,surprise
in god s name religion based tax breaks housing to paychecks to books,surprise
snow causes transport chaos in britain,sad
injured sarwan to miss one dayers,surprise
study napping might help heart,joy
tailors and housewives busy as muslims celebrate eid,joy
malaysia aggressively wooing tourists,surprise
creating a whole album in a month,surprise
wellcome awards anti fat research,anger
can t do this anymore not jack,anger
iran s boast on uranium enrichment is put to test,surprise
iraq closes borders with syria and iran,joy
in clue to addiction brain injury halts smoking,surprise
manning inspires giants to victory in dallas,joy
research supports medicinal marijuana,surprise
iraq insurgents attack us base,sad
fire extinguisher part of tennessee execution kit,surprise
city sets up ice storm shelters,fear
gently weeps lyrics sheet up for sale,surprise
cholesterol link in diabetes study,surprise
zoo polar bear to have root canal,fear
howard slams obama on iraq policy,surprise
fight starts over hpv vaccine,joy
obama announces presidential bid,joy
another death at georgia aquarium,anger
johnny depp to make movie of spy poisoning,joy
pap test a mainstay against cervical cancer may be fading,surprise
boy allegedly told to kill by mom gives up,surprise
catania punished for fan violence,joy
the summit a slap in the face of the palestinians,surprise
dead bachelors in remote china still find wives,surprise
boy missing since found alive,joy
girl left comatose after dental visit dies,surprise
fine wines in british columbia,fear
bollywood s brangelina engaged,surprise
north korea ready to discuss nuke disarmament,joy
action intensity boosts vision,surprise
stonehenge workers village found,joy
scientists tout cocoa s health benefits,fear
can north korea be trusted,joy
trailblazing trio protects city by the bay,surprise
ganguly handed india squad call up,surprise
beauticians cut curl offer stroke prevention info,joy
studios sign off on movie downloads,surprise
global web of suspects in child rape download,sad
libby prosecutors await judge s rulings,surprise
police probe church fires half mile apart,surprise
second hanging also went awry iraq tape shows,fear
stepping back in time at ski resort,joy
iraqi journalists add laws to list of dangers,fear
boy scouts blamed for starting wildfire,surprise
report links humans to global warming,sad
stenson defends his title at dubai,joy
iraqi linked to sunni bloc is held in plot military says,fear
china launches two satellites into orbit,sad
north africa feared as staging ground for terror,surprise
breast cancer drug promises hope,joy
mortar assault leaves at least dead,sad
building a memorial to a son one child at a time,surprise
northeaster cancels flights shuts schools,surprise
india to test new nuclear missile,joy
dell to cut bonuses trim management,joy
uk workers on alert for letter bombs,surprise
storm leaves behind major travel troubles,surprise
rupert murdoch s secret tivo,surprise
house passes anti terrorism measure manila,anger
genghis khan beer mongolia grimaces,surprise
youtube founders split m payout,fear
former teacher poses for playboy,surprise
madonna files adoption papers in malawi,joy
eye on cosmos is lost to short circuit on hubble,surprise
all african amputee football games kick off,surprise
forecasters expect toasty,surprise
corn stoves popping up in u s homes,fear
chvez threatens to jail violators of price controls,sad
scientists discover miracle in the depths,surprise
google unveils do it yourself search engine,joy
ready to eat chicken breasts recalled due to suspected listeria,joy
teen allegedly armed by mom turns self in,surprise
town packs gym to mourn killed in fire,surprise
cocoa could be antidote to age related diseases says new study,fear
roundup protests erupt despite state of siege in guinea,sad
bush authorized iranians arrest in iraq rice says,fear
anglican and catholic churches could merge,joy
cousin gunman was srebrenica survivor,surprise
australia tells bush to speed up guantanamo trial,anger
european space agency,surprise
the secrets people reveal,surprise
news baby pandas baby pandas baby pandas,sad
health canada issues advice on canned tuna,surprise
grammys ready to name winners,joy
asean urges north korea resolution,joy
rebels to join nepal parliament,surprise
rice u s won t pull plug on iraq,fear
anglicans rebuke u s branch on same sex unions,fear
somalia declares state of emergency,fear
hussein co defendants executed,sad
james brown s year old son left out of will,surprise
ms adds office to vista coupon program,surprise
britain to limit workers from romania bulgaria,surprise
us airways boosts bid for delta,surprise
hpv vaccination stirs heated debate in america,sad
full recovery expected for marathon winner,surprise
beckham won t play again for real,sad
cultural revolutionary the ipod is five,surprise
village buried by inches of snow,surprise
mountain glaciers melting faster united nations says,sad
ice storm smacks roads power,fear
ex border patrol agent beaten in prison,anger
israel to install cameras to show live mughrabi footage,anger
latest updates on world s top stories,fear
lily allen wins web music award,surprise
rowling heartbroken euphoric at potter s end,sad
hamas fatah leaders pledge to meet until they reach agreement,surprise
new vaccine for cervical cancer could prove useful in men too,surprise
mbeki world cup planning on track,sad
money makeovers,surprise
punter charged with stabbing asks to live outside state,surprise
emi warns on profits boss goes,fear
gunman fine before shooting,sad
svindal claims are golden double,fear
ethiopia readies for millennium all its own,surprise
mancuso sparks u s celebrations,fear
nasa spacecraft to measure sun,surprise
teen repellent inventor wins infamous prize,surprise
peron held over s rights abuses,anger
kim jong il bans japanese cars in north korea,joy
canadians tracked in child porn ring,disgust
ryan o neal injured son s girlfriend,surprise
messi makes barcelona squad return,surprise
brith airways baggage charges cause confusion,surprise
a film star in kampala conjuring aminos ghost,surprise
opponent is put on the spot over remarks about clinton,surprise
apple set for massive market gains,surprise
vista s hyped security will be tested,surprise
dating difficult for harry potter,surprise
uk letter bombs may be from extremist drivers,joy
bush vows cooperation on health care,joy
baby born on turnpike after dad misses exit,surprise
parachutist dies at bridge jump festival,surprise
citing spy agencies study democrats seek iraq changes,anger
airlines uk airport runway unsafe,surprise
man gets second chance at space ride,surprise
archaeologists find remains of couple locked in a hug,surprise
study detects a gene linked to alzheimer s,surprise
weight loss drug to be sold over the counter,surprise
zach braff says he has mild depression,fear
apple warns itunes users to wait on vista,surprise
guy sweat is babe magnet,surprise
in egypt rice speaks softly,sad
ex jonbenet suspect child porn case dropped,disgust
court tv accused killer tells jury a love story,surprise
us to urge nato afghan spring offensive,fear
texan allegedly joined somalia rebel plot,surprise
tensions as hungary marks uprising,sad
idf shells lebanese army positions across northern border,anger
north korea claims nuclear test,joy
beckham to l a for the game not fame,surprise
hungary police tackle violent protestors,joy
arthurs upsets robredo in first round at the st petersburg open,surprise
brazil air force cites faults and confusion in fatal crash,joy
war is close ethiopia tells somali rebels,joy
democrats plot bush troop increase censure,joy
bangladesh ferry sinks dead,surprise
sale of chrysler possible,sad
lawyer for deceased nazi era collaborator papon vows to bury him,surprise
mixed reaction to china s africa push,surprise
jon stewart mocks benefits of cnn s i,surprise
top colombia official resigns,surprise
toshiba portege r,surprise
luxury digs in south carolina s lowcountry,surprise
th person dies after receiving flu shot,surprise
bears watch as lead slips away,joy
jail me i ate ivory coast chocolate,surprise
teacher charged with sex assault,joy
college tuition continues climbing,surprise
matthews lays off turkey workers,surprise
space life search turns to tv,sad
myspace welcomes french friends,joy
hackers attack root servers,anger
ice storm coating midwest,fear
gop senators to force debate on troops in iraq,fear
ex teacher guilty in nude pictures scheme,sad
years on but couple still hugging,surprise
pats fourth quarter rally finishes chargers,surprise
review alpha dog misses the point,surprise
andromeda involved in galactic collision,sad
injured marathon winner leaves hospital,joy
kate is marrying doherty,surprise
baghdad plan is a success iraq prime minister tells bush,joy
beckham outlines reasons for move,fear
al qaeda chiefs are seen to regain power,fear
start late retire rich,joy
autos drive european gains,surprise
immigrants and french reach deal in standoff,joy
